district,k2_inside_ttk,k2_outside_ttk,k2,source
Академический,,,"0,7",в ред. постановления Правительства Москвы от 24.12.2024 N 3074-ПП
Алексеевский,,,"0,5",в ред. постановления Правительства Москвы от 24.12.2024 N 3074-ПП
Алтуфьевский,,,"0,9",в ред. постановления Правительства Москвы от 24.12.2024 N 3074-ПП
Арбат,,,"0,2",в ред. постановления Правительства Москвы от 24.12.2024 N 3074-ПП
Аэропорт,,,"0,5",в ред. постановления Правительства Москвы от 24.12.2024 N 3074-ПП
Бабушкинский,,,"0,9",в ред. постановления Правительства Москвы от 24.12.2024 N 3074-ПП
Басманный,"0,2","0,5",,в ред. постановления Правительства Москвы от 24.12.2024 N 3074-ПП
Беговой,"0,2","0,5",,в ред. постановления Правительства Москвы от 24.12.2024 N 3074-ПП
Бекасово,,,"0,9",в ред. постановления Правительства Москвы от 24.12.2024 N 3074-ПП
Бескудниковский,,,"0,9",в ред. постановления Правительства Москвы от 24.12.2024 N 3074-ПП
Бибирево,,,"0,9",в ред. постановления Правительства Москвы от 24.12.2024 N 3074-ПП
Бирюлево Восточное,,,"0,9",в ред. постановления Правительства Москвы от 24.12.2024 N 3074-ПП
Бирюлево Западное,,,"0,9",в ред. постановления Правительства Москвы от 24.12.2024 N 3074-ПП
Богородское,,,"0,9",в ред. постановления Правительства Москвы от 24.12.2024 N 3074-ПП
Братеево,,,"0,9",в ред. постановления Правительства Москвы от 24.12.2024 N 3074-ПП
Бутово Северное,,,"0,9",в ред. постановления Правительства Москвы от 24.12.2024 N 3074-ПП
Бутово Южное,,,"0,9",в ред. постановления Правительства Москвы от 24.12.2024 N 3074-ПП
Бутырский,,,"0,5",в ред. постановления Правительства Москвы от 24.12.2024 N 3074-ПП
Вешняки,,,"0,9",в ред. постановления Правительства Москвы от 24.12.2024 N 3074-ПП
Внуково,,,"0,7",в ред. постановления Правительства Москвы от 24.12.2024 N 3074-ПП
Войковский,,,"0,5",в ред. постановления Правительства Москвы от 24.12.2024 N 3074-ПП
Вороново,,,"0,9",в ред. постановления Правительства Москвы от 24.12.2024 N 3074-ПП
Восточное Дегунино,,,"0,9",в ред. постановления Правительства Москвы от 24.12.2024 N 3074-ПП
Восточное Измайлово,,,"0,9",в ред. постановления Правительства Москвы от 24.12.2024 N 3074-ПП
Восточный,,,"0,9",в ред. постановления Правительства Москвы от 24.12.2024 N 3074-ПП
Выхино-Жулебино,,,"0,9",в ред. постановления Правительства Москвы от 24.12.2024 N 3074-ПП
Гагаринский,,,"0,5",в ред. постановления Правительства Москвы от 24.12.2024 N 3074-ПП
Головинский,,,"0,7",в ред. постановления Правительства Москвы от 24.12.2024 N 3074-ПП
Гольяново,,,"0,9",в ред. постановления Правительства Москвы от 24.12.2024 N 3074-ПП
Даниловский,"0,2","0,5",,в ред. постановления Правительства Москвы от 24.12.2024 N 3074-ПП
Дмитровский,,,"0,9",в ред. постановления Правительства Москвы от 24.12.2024 N 3074-ПП
Донской,"0,2","0,5",,в ред. постановления Правительства Москвы от 24.12.2024 N 3074-ПП
Дорогомилово,"0,2","0,5",,в ред. постановления Правительства Москвы от 24.12.2024 N 3074-ПП
Замоскворечье,,,"0,2",в ред. постановления Правительства Москвы от 24.12.2024 N 3074-ПП
Западное Дегунино,,,"0,9",в ред. постановления Правительства Москвы от 24.12.2024 N 3074-ПП
Зюзино,,,"0,9",в ред. постановления Правительства Москвы от 24.12.2024 N 3074-ПП
Зябликово,,,"0,9",в ред. постановления Правительства Москвы от 24.12.2024 N 3074-ПП
Ивановское,,,"0,9",в ред. постановления Правительства Москвы от 24.12.2024 N 3074-ПП
Измайлово,,,"0,9",в ред. постановления Правительства Москвы от 24.12.2024 N 3074-ПП
Капотня,,,"0,9",в ред. постановления Правительства Москвы от 24.12.2024 N 3074-ПП
Коммунарка,,,"0,7",в ред. постановления Правительства Москвы от 24.12.2024 N 3074-ПП
Коньково,,,"0,7",в ред. постановления Правительства Москвы от 24.12.2024 N 3074-ПП
Коптево,,,"0,9",в ред. постановления Правительства Москвы от 24.12.2024 N 3074-ПП
Косино-Ухтомский,,,"0,9",в ред. постановления Правительства Москвы от 24.12.2024 N 3074-ПП
Котловка,,,"0,9",в ред. постановления Правительства Москвы от 24.12.2024 N 3074-ПП
Краснопахорский,,,"0,9",в ред. постановления Правительства Москвы от 24.12.2024 N 3074-ПП
Красносельский,"0,2","0,5",,в ред. постановления Правительства Москвы от 24.12.2024 N 3074-ПП
Крылатское,,,"0,7",в ред. постановления Правительства Москвы от 24.12.2024 N 3074-ПП
Крюково,,,"0,9",в ред. постановления Правительства Москвы от 24.12.2024 N 3074-ПП
Кузьминки,,,"0,9",в ред. постановления Правительства Москвы от 24.12.2024 N 3074-ПП
Кунцево,,,"0,7, за исключением территории Рублево-Успенского эксклава 0,9 на территории Рублево-Успенского эксклава",в ред. постановления Правительства Москвы от 24.12.2024 N 3074-ПП
Куркино,,,"0,9",в ред. постановления Правительства Москвы от 24.12.2024 N 3074-ПП
Левобережный,,,"0,9",в ред. постановления Правительства Москвы от 24.12.2024 N 3074-ПП
Лефортово,"0,2","0,5",,в ред. постановления Правительства Москвы от 24.12.2024 N 3074-ПП
Лианозово,,,"0,9",в ред. постановления Правительства Москвы от 24.12.2024 N 3074-ПП
Ломоносовский,,,"0,9",в ред. постановления Правительства Москвы от 24.12.2024 N 3074-ПП
Лосиноостровский,,,"0,9",в ред. постановления Правительства Москвы от 24.12.2024 N 3074-ПП
Люблино,,,"0,9",в ред. постановления Правительства Москвы от 24.12.2024 N 3074-ПП
Марфино,,,"0,9",в ред. постановления Правительства Москвы от 24.12.2024 N 3074-ПП
Марьина Роща,"0,2","0,5",,в ред. постановления Правительства Москвы от 24.12.2024 N 3074-ПП
Марьино,,,"0,9",в ред. постановления Правительства Москвы от 24.12.2024 N 3074-ПП
Матушкино,,,"0,7",в ред. постановления Правительства Москвы от 24.12.2024 N 3074-ПП
Метрогородок,,,"0,7",в ред. постановления Правительства Москвы от 24.12.2024 N 3074-ПП
Мещанский,"0,2","0,5",,в ред. постановления Правительства Москвы от 24.12.2024 N 3074-ПП
Митино,,,"0,9",в ред. постановления Правительства Москвы от 24.12.2024 N 3074-ПП
Можайский,,,"0,7",в ред. постановления Правительства Москвы от 24.12.2024 N 3074-ПП
Молжаниновский,,,"0,9",в ред. постановления Правительства Москвы от 24.12.2024 N 3074-ПП
Москворечье-Сабурово,,,"0,7",в ред. постановления Правительства Москвы от 24.12.2024 N 3074-ПП
Нагатино-Садовники,,,"0,5",в ред. постановления Правительства Москвы от 24.12.2024 N 3074-ПП
Нагатинский Затон,,,"0,9",в ред. постановления Правительства Москвы от 24.12.2024 N 3074-ПП
Нагорный,,,"0,7",в ред. постановления Правительства Москвы от 24.12.2024 N 3074-ПП
Некрасовка,,,"0,9",в ред. постановления Правительства Москвы от 24.12.2024 N 3074-ПП
Нижегородский,,,"0,7",в ред. постановления Правительства Москвы от 24.12.2024 N 3074-ПП
Новогиреево,,,"0,9",в ред. постановления Правительства Москвы от 24.12.2024 N 3074-ПП
Новокосино,,,"0,9",в ред. постановления Правительства Москвы от 24.12.2024 N 3074-ПП
Ново-Переделкино,,,"0,9",в ред. постановления Правительства Москвы от 24.12.2024 N 3074-ПП
Обручевский,,,"0,7",в ред. постановления Правительства Москвы от 24.12.2024 N 3074-ПП
Орехово-Борисово Северное,,,"0,9",в ред. постановления Правительства Москвы от 24.12.2024 N 3074-ПП
Орехово-Борисово Южное,,,"0,9",в ред. постановления Правительства Москвы от 24.12.2024 N 3074-ПП
Останкинский,,,"0,5",в ред. постановления Правительства Москвы от 24.12.2024 N 3074-ПП
Отрадное,,,"0,9",в ред. постановления Правительства Москвы от 24.12.2024 N 3074-ПП
Очаково-Матвеевское,,,"0,7",в ред. постановления Правительства Москвы от 24.12.2024 N 3074-ПП
Перово,,,"0,7",в ред. постановления Правительства Москвы от 24.12.2024 N 3074-ПП
Печатники,,,"0,7",в ред. постановления Правительства Москвы от 24.12.2024 N 3074-ПП
Покровское-Стрешнево,,,"0,7",в ред. постановления Правительства Москвы от 24.12.2024 N 3074-ПП
Преображенское,,,"0,5",в ред. постановления Правительства Москвы от 24.12.2024 N 3074-ПП
Пресненский,"0,2","0,5",,в ред. постановления Правительства Москвы от 24.12.2024 N 3074-ПП
Проспект Вернадского,,,"0,7",в ред. постановления Правительства Москвы от 24.12.2024 N 3074-ПП
Раменки,,,"0,7",в ред. постановления Правительства Москвы от 24.12.2024 N 3074-ПП
Ростокино,,,"0,7",в ред. постановления Правительства Москвы от 24.12.2024 N 3074-ПП
Рязанский,,,"0,9",в ред. постановления Правительства Москвы от 24.12.2024 N 3074-ПП
Савелки,,,"0,9",в ред. постановления Правительства Москвы от 24.12.2024 N 3074-ПП
Савеловский,,,"0,5",в ред. постановления Правительства Москвы от 24.12.2024 N 3074-ПП
Свиблово,,,"0,7",в ред. постановления Правительства Москвы от 24.12.2024 N 3074-ПП
Северное Измайлово,,,"0,9",в ред. постановления Правительства Москвы от 24.12.2024 N 3074-ПП
Северное Медведково,,,"0,9",в ред. постановления Правительства Москвы от 24.12.2024 N 3074-ПП
Северное Тушино,,,"0,9",в ред. постановления Правительства Москвы от 24.12.2024 N 3074-ПП
Северный,,,"0,9",в ред. постановления Правительства Москвы от 24.12.2024 N 3074-ПП
Силино,,,"0,7",в ред. постановления Правительства Москвы от 24.12.2024 N 3074-ПП
Сокол,,,"0,5",в ред. постановления Правительства Москвы от 24.12.2024 N 3074-ПП
Соколиная Гора,,,"0,5",в ред. постановления Правительства Москвы от 24.12.2024 N 3074-ПП
Сокольники,,,"0,5",в ред. постановления Правительства Москвы от 24.12.2024 N 3074-ПП
Солнцево,,,"0,9",в ред. постановления Правительства Москвы от 24.12.2024 N 3074-ПП
Старое Крюково,,,"0,7",в ред. постановления Правительства Москвы от 24.12.2024 N 3074-ПП
Строгино,,,"0,9",в ред. постановления Правительства Москвы от 24.12.2024 N 3074-ПП
Таганский,,,"0,2",в ред. постановления Правительства Москвы от 24.12.2024 N 3074-ПП
Тверской,,,"0,2",в ред. постановления Правительства Москвы от 24.12.2024 N 3074-ПП
Текстильщики,,,"0,9",в ред. постановления Правительства Москвы от 24.12.2024 N 3074-ПП
Теплый Стан,,,"0,9",в ред. постановления Правительства Москвы от 24.12.2024 N 3074-ПП
Тимирязевский,,,"0,7",в ред. постановления Правительства Москвы от 24.12.2024 N 3074-ПП
Троицк,,,"0,7",в ред. постановления Правительства Москвы от 24.12.2024 N 3074-ПП
Тропарево-Никулино,,,"0,7",в ред. постановления Правительства Москвы от 24.12.2024 N 3074-ПП
Филевский Парк,,,"0,7",в ред. постановления Правительства Москвы от 24.12.2024 N 3074-ПП
Фили-Давыдково,,,"0,9",в ред. постановления Правительства Москвы от 24.12.2024 N 3074-ПП
Филимонковский,,,"0,9",в ред. постановления Правительства Москвы от 24.12.2024 N 3074-ПП
Хамовники,"0,2","0,5",,в ред. постановления Правительства Москвы от 24.12.2024 N 3074-ПП
Ховрино,,,"0,9",в ред. постановления Правительства Москвы от 24.12.2024 N 3074-ПП
Хорошево-Мневники,,,"0,9",в ред. постановления Правительства Москвы от 24.12.2024 N 3074-ПП
Хорошевский,,,"0,5",в ред. постановления Правительства Москвы от 24.12.2024 N 3074-ПП
Царицыно,,,"0,9",в ред. постановления Правительства Москвы от 24.12.2024 N 3074-ПП
Черемушки,,,"0,7",в ред. постановления Правительства Москвы от 24.12.2024 N 3074-ПП
Чертаново Северное,,,"0,9",в ред. постановления Правительства Москвы от 24.12.2024 N 3074-ПП
Чертаново Центральное,,,"0,9",в ред. постановления Правительства Москвы от 24.12.2024 N 3074-ПП
Чертаново Южное,,,"0,9",в ред. постановления Правительства Москвы от 24.12.2024 N 3074-ПП
Щербинка,,,"0,7",в ред. постановления Правительства Москвы от 24.12.2024 N 3074-ПП
Щукино,,,"0,7",в ред. постановления Правительства Москвы от 24.12.2024 N 3074-ПП
Южное Медведково,,,"0,9",в ред. постановления Правительства Москвы от 24.12.2024 N 3074-ПП
Южное Тушино,,,"0,9",в ред. постановления Правительства Москвы от 24.12.2024 N 3074-ПП
Южнопортовый,,,"0,7",в ред. постановления Правительства Москвы от 24.12.2024 N 3074-ПП
Якиманка,,,"0,2",в ред. постановления Правительства Москвы от 24.12.2024 N 3074-ПП
Ярославский,,,"0,9",в ред. постановления Правительства Москвы от 24.12.2024 N 3074-ПП
Ясенево,,,"0,9",в ред. постановления Правительства Москвы от 24.12.2024 N 3074-ПП
